<?xml version="1.0" encoding="utf-8"?>
<VugenScriptMetadata>
  <ScriptName>UC_04_Itinerary</ScriptName>
  <Protocol>Web - HTTP/HTML</Protocol>
  <ActionFiles>
    <FileEntry Name="vuser_init.c" Filter="2" />
    <FileEntry Name="Action.c" Filter="2" />
    <FileEntry Name="vuser_end.c" Filter="2" />
  </ActionFiles>
  <GeneralFiles>
    <FileEntry Name="UC_04_Itinerary.usr" Filter="4" />
    <FileEntry Name="default.cfg" Filter="4" />
    <FileEntry Name="default.usp" Filter="4" />
    <FileEntry Name="UC4_Itinerary.prm" Filter="2" />
    <FileEntry Name="globals.h" Filter="2" />
    <FileEntry Name="D:\" Filter="2" />
    <FileEntry Name="combined_UC4_Itinerary.c" Filter="2" />
    <FileEntry Name="combined_UC_04_Itinerary.c" Filter="2" />
    <FileEntry Name="pre_cci.c" Filter="2" />
    <FileEntry Name="151870136440.idx" Filter="1" />
    <FileEntry Name="15484016440.idx" Filter="1" />
    <FileEntry Name="Bookmarks.xml" Filter="1" />
    <FileEntry Name="Breakpoints.xml" Filter="1" />
    <FileEntry Name="CompilerLogMetadata.xml" Filter="1" />
    <FileEntry Name="custom_body_variables.txt" Filter="1" />
    <FileEntry Name="logfile.log" Filter="1" />
    <FileEntry Name="lrw_custom_body.h" Filter="1" />
    <FileEntry Name="mdrv.log" Filter="1" />
    <FileEntry Name="mdrv4FO.895.log" Filter="1" />
    <FileEntry Name="mdrv7nD.707.log" Filter="1" />
    <FileEntry Name="mdrvayR.875.log" Filter="1" />
    <FileEntry Name="mdrvEEr.877.log" Filter="1" />
    <FileEntry Name="mdrvfQz.171.log" Filter="1" />
    <FileEntry Name="mdrvh4V.65.log" Filter="1" />
    <FileEntry Name="mdrvsDx.935.log" Filter="1" />
    <FileEntry Name="mdrvxgr.745.log" Filter="1" />
    <FileEntry Name="mdrv_cmd.txt" Filter="1" />
    <FileEntry Name="options.txt" Filter="1" />
    <FileEntry Name="output.bak" Filter="1" />
    <FileEntry Name="output.txt" Filter="1" />
    <FileEntry Name="OutputColoringDatabase.json" Filter="1" />
    <FileEntry Name="ReplaySummaryReport.xml" Filter="1" />
    <FileEntry Name="ScriptUploadMetadata.xml" Filter="1" />
    <FileEntry Name="TransactionsData.db" Filter="1" />
    <FileEntry Name="UC4_Itinerary.c.pickle" Filter="1" />
    <FileEntry Name="UC4_Itinerary.ci" Filter="1" />
    <FileEntry Name="UC4_Itinerary.prm.bak" Filter="1" />
    <FileEntry Name="UC_04_Itinerary.c.pickle" Filter="1" />
    <FileEntry Name="UC_04_Itinerary.ci" Filter="1" />
    <FileEntry Name="UserTasks.xml" Filter="1" />
    <FileEntry Name="result1\" Filter="1" />
  </GeneralFiles>
</VugenScriptMetadata>