﻿<DataObject comparison="Ordinal">
  <Section id="">
    <Subsections>
      <Section id="General">
        <Subsections />
        <Entries>
          <Entry key="ElapsedTime">
            <double>65.3775644</double>
          </Entry>
          <Entry key="StartedAt">
            <dateTime>2023-04-17T13:20:42.1374534+03:00</dateTime>
          </Entry>
          <Entry key="EndedAt">
            <dateTime>2023-04-17T13:21:47.5150178+03:00</dateTime>
          </Entry>
          <Entry key="ReplayStatus">
            <LastReplayRunStatus>Passed</LastReplayRunStatus>
          </Entry>
          <Entry key="NumberOfReplayErrors">
            <int>0</int>
          </Entry>
          <Entry key="NumberOfReplayCriticalErrors">
            <int>0</int>
          </Entry>
          <Entry key="NumberOfCompilationErrors">
            <int>0</int>
          </Entry>
        </Entries>
      </Section>
    </Subsections>
    <Entries>
      <Entry key="Iterations">
        <int>3</int>
      </Entry>
    </Entries>
  </Section>
</DataObject>