<?xml version="1.0" encoding="utf-8"?>
<VugenScriptMetadata>
  <ScriptName>UC_05_DeleteTicket</ScriptName>
  <Protocol>Web - HTTP/HTML</Protocol>
  <ActionFiles>
    <FileEntry Name="vuser_init.c" Filter="2" />
    <FileEntry Name="Action.c" Filter="2" />
    <FileEntry Name="vuser_end.c" Filter="2" />
  </ActionFiles>
  <GeneralFiles>
    <FileEntry Name="UC_05_DeleteTicket.usr" Filter="4" />
    <FileEntry Name="default.cfg" Filter="4" />
    <FileEntry Name="default.usp" Filter="4" />
    <FileEntry Name="UC5_DeleteTicket.prm" Filter="2" />
    <FileEntry Name="globals.h" Filter="2" />
    <FileEntry Name="D:\" Filter="2" />
    <FileEntry Name="combined_UC5_DeleteTicket.c" Filter="2" />
    <FileEntry Name="combined_UC_05_DeleteTicket.c" Filter="2" />
    <FileEntry Name="pre_cci.c" Filter="2" />
    <FileEntry Name="145942948440.idx" Filter="1" />
    <FileEntry Name="157385332440.idx" Filter="1" />
    <FileEntry Name="Bookmarks.xml" Filter="1" />
    <FileEntry Name="Breakpoints.xml" Filter="1" />
    <FileEntry Name="CompilerLogMetadata.xml" Filter="1" />
    <FileEntry Name="custom_body_variables.txt" Filter="1" />
    <FileEntry Name="firstName.dat" Filter="1" />
    <FileEntry Name="lastName.dat" Filter="1" />
    <FileEntry Name="logfile.log" Filter="1" />
    <FileEntry Name="login.dat" Filter="1" />
    <FileEntry Name="lrw_custom_body.h" Filter="1" />
    <FileEntry Name="mdrv.log" Filter="1" />
    <FileEntry Name="mdrv2Lb.489.log" Filter="1" />
    <FileEntry Name="mdrveuR.465.log" Filter="1" />
    <FileEntry Name="mdrvjLP.713.log" Filter="1" />
    <FileEntry Name="mdrvMde.919.log" Filter="1" />
    <FileEntry Name="mdrvrBG.465.log" Filter="1" />
    <FileEntry Name="mdrvtF6.267.log" Filter="1" />
    <FileEntry Name="mdrvTh6.963.log" Filter="1" />
    <FileEntry Name="mdrvya4.473.log" Filter="1" />
    <FileEntry Name="mdrv_cmd.txt" Filter="1" />
    <FileEntry Name="options.txt" Filter="1" />
    <FileEntry Name="output.bak" Filter="1" />
    <FileEntry Name="output.txt" Filter="1" />
    <FileEntry Name="OutputColoringDatabase.json" Filter="1" />
    <FileEntry Name="password.dat" Filter="1" />
    <FileEntry Name="ReplaySummaryReport.xml" Filter="1" />
    <FileEntry Name="ScriptUploadMetadata.xml" Filter="1" />
    <FileEntry Name="TransactionsData.db" Filter="1" />
    <FileEntry Name="UC5_DeleteTicket.c.pickle" Filter="1" />
    <FileEntry Name="UC5_DeleteTicket.ci" Filter="1" />
    <FileEntry Name="UC5_DeleteTicket.prm.bak" Filter="1" />
    <FileEntry Name="UC_05_DeleteTicket.c.pickle" Filter="1" />
    <FileEntry Name="UC_05_DeleteTicket.ci" Filter="1" />
    <FileEntry Name="UserTasks.xml" Filter="1" />
    <FileEntry Name="data\" Filter="1" />
    <FileEntry Name="result1\" Filter="1" />
  </GeneralFiles>
</VugenScriptMetadata>