<?xml version="1.0" encoding="utf-8"?>
<VugenScriptMetadata>
  <ScriptName>UC_06_RegUser</ScriptName>
  <Protocol>Web - HTTP/HTML</Protocol>
  <ActionFiles>
    <FileEntry Name="vuser_init.c" Filter="2" />
    <FileEntry Name="Action.c" Filter="2" />
    <FileEntry Name="vuser_end.c" Filter="2" />
  </ActionFiles>
  <GeneralFiles>
    <FileEntry Name="UC_06_RegUser.usr" Filter="4" />
    <FileEntry Name="default.cfg" Filter="4" />
    <FileEntry Name="default.usp" Filter="4" />
    <FileEntry Name="UC6_RegUser.prm" Filter="2" />
    <FileEntry Name="globals.h" Filter="2" />
    <FileEntry Name="D:\" Filter="2" />
    <FileEntry Name="combined_UC6_RegUser.c" Filter="2" />
    <FileEntry Name="combined_UC_06_RegUser.c" Filter="2" />
    <FileEntry Name="pre_cci.c" Filter="2" />
    <FileEntry Name="142075826440.idx" Filter="1" />
    <FileEntry Name="238972428440.idx" Filter="1" />
    <FileEntry Name="23897242844_2LB.437.idx" Filter="1" />
    <FileEntry Name="23897242844_40i.329.idx" Filter="1" />
    <FileEntry Name="23897242844_6qB.71.idx" Filter="1" />
    <FileEntry Name="23897242844_7Uj.63.idx" Filter="1" />
    <FileEntry Name="23897242844_9eO.593.idx" Filter="1" />
    <FileEntry Name="23897242844_B29.707.idx" Filter="1" />
    <FileEntry Name="23897242844_BFg.361.idx" Filter="1" />
    <FileEntry Name="23897242844_D8h.551.idx" Filter="1" />
    <FileEntry Name="23897242844_dVh.309.idx" Filter="1" />
    <FileEntry Name="23897242844_dxg.371.idx" Filter="1" />
    <FileEntry Name="23897242844_fnM.615.idx" Filter="1" />
    <FileEntry Name="23897242844_fNZ.603.idx" Filter="1" />
    <FileEntry Name="23897242844_GIG.57.idx" Filter="1" />
    <FileEntry Name="23897242844_gvi.325.idx" Filter="1" />
    <FileEntry Name="23897242844_HNg.953.idx" Filter="1" />
    <FileEntry Name="23897242844_Jc5.345.idx" Filter="1" />
    <FileEntry Name="23897242844_kJD.543.idx" Filter="1" />
    <FileEntry Name="23897242844_mlp.497.idx" Filter="1" />
    <FileEntry Name="23897242844_Nls.957.idx" Filter="1" />
    <FileEntry Name="23897242844_oW6.907.idx" Filter="1" />
    <FileEntry Name="23897242844_pbA.489.idx" Filter="1" />
    <FileEntry Name="23897242844_RbW.595.idx" Filter="1" />
    <FileEntry Name="23897242844_sOG.487.idx" Filter="1" />
    <FileEntry Name="23897242844_Sqz.535.idx" Filter="1" />
    <FileEntry Name="23897242844_t4Z.265.idx" Filter="1" />
    <FileEntry Name="23897242844_tF3.713.idx" Filter="1" />
    <FileEntry Name="23897242844_UFD.527.idx" Filter="1" />
    <FileEntry Name="23897242844_uKu.165.idx" Filter="1" />
    <FileEntry Name="23897242844_Z9a.923.idx" Filter="1" />
    <FileEntry Name="23897242844_zeZ.651.idx" Filter="1" />
    <FileEntry Name="33791231440.idx" Filter="1" />
    <FileEntry Name="54639292440.idx" Filter="1" />
    <FileEntry Name="61784843440.idx" Filter="1" />
    <FileEntry Name="71963665440.idx" Filter="1" />
    <FileEntry Name="a.dat" Filter="1" />
    <FileEntry Name="address1.dat" Filter="1" />
    <FileEntry Name="address2.dat" Filter="1" />
    <FileEntry Name="b.dat" Filter="1" />
    <FileEntry Name="bigB.dat" Filter="1" />
    <FileEntry Name="Bookmarks.xml" Filter="1" />
    <FileEntry Name="Breakpoints.xml" Filter="1" />
    <FileEntry Name="CompilerLogMetadata.xml" Filter="1" />
    <FileEntry Name="custom_body_variables.txt" Filter="1" />
    <FileEntry Name="firstName.dat" Filter="1" />
    <FileEntry Name="lastName.dat" Filter="1" />
    <FileEntry Name="logfile.log" Filter="1" />
    <FileEntry Name="login(1).dat" Filter="1" />
    <FileEntry Name="login.dat" Filter="1" />
    <FileEntry Name="lrw_custom_body.h" Filter="1" />
    <FileEntry Name="mdrv.log" Filter="1" />
    <FileEntry Name="mdrv0Hq.547.log" Filter="1" />
    <FileEntry Name="mdrv1Fx.19.log" Filter="1" />
    <FileEntry Name="mdrv3Vq.857.log" Filter="1" />
    <FileEntry Name="mdrveuR.465.log" Filter="1" />
    <FileEntry Name="mdrvGEZ.197.log" Filter="1" />
    <FileEntry Name="mdrvJ79.319.log" Filter="1" />
    <FileEntry Name="mdrvVsN.473.log" Filter="1" />
    <FileEntry Name="mdrvw79.669.log" Filter="1" />
    <FileEntry Name="mdrv_cmd.txt" Filter="1" />
    <FileEntry Name="NewParam(1).dat" Filter="1" />
    <FileEntry Name="NewParam(2).dat" Filter="1" />
    <FileEntry Name="NewParam.dat" Filter="1" />
    <FileEntry Name="options.txt" Filter="1" />
    <FileEntry Name="output.bak" Filter="1" />
    <FileEntry Name="output.txt" Filter="1" />
    <FileEntry Name="OutputColoringDatabase.json" Filter="1" />
    <FileEntry Name="password.dat" Filter="1" />
    <FileEntry Name="ReplaySummaryReport.xml" Filter="1" />
    <FileEntry Name="ScriptUploadMetadata.xml" Filter="1" />
    <FileEntry Name="TransactionsData.db" Filter="1" />
    <FileEntry Name="UC6_RegUser.c.pickle" Filter="1" />
    <FileEntry Name="UC6_RegUser.ci" Filter="1" />
    <FileEntry Name="UC6_RegUser.prm.bak" Filter="1" />
    <FileEntry Name="UC_06_RegUser.c.pickle" Filter="1" />
    <FileEntry Name="UC_06_RegUser.ci" Filter="1" />
    <FileEntry Name="userName.dat" Filter="1" />
    <FileEntry Name="UserTasks.xml" Filter="1" />
    <FileEntry Name="data\" Filter="1" />
    <FileEntry Name="result1\" Filter="1" />
  </GeneralFiles>
</VugenScriptMetadata>