<?xml version="1.0" encoding="UTF-8"?><SLA Version="1.0"><TxList><Tx>reg_form</Tx><Tx>signed_up_new_user_home_page</Tx><Tx>UC_05_DeleteTicket</Tx><Tx>choose_flight_parameters</Tx><Tx>UC_01_LoginLogout</Tx><Tx>vuser_end_Transaction</Tx><Tx>itinerary_page</Tx><Tx>UC_06_RegUser</Tx><Tx>payment_form</Tx><Tx>choose_ticket</Tx><Tx>delete_ticket</Tx><Tx>vuser_init_Transaction</Tx><Tx>sign_up_page</Tx><Tx>UC_02_FindTicket</Tx><Tx>open_home_page</Tx><Tx>search_flights</Tx><Tx>UC_04_Itinerary</Tx><Tx>UC_03_Buyticket_3</Tx><Tx>Action_Transaction</Tx></TxList><SLARules><TrackingPeriodType>Default</TrackingPeriodType><TrackingPeriodValue></TrackingPeriodValue><TrackingPeriodTimeScale></TrackingPeriodTimeScale></SLARules></SLA>