<?xml version="1.0" encoding="utf-8"?>
<VugenScriptMetadata>
  <ScriptName>UC7_BuyTicket_3+</ScriptName>
  <Protocol>Web - HTTP/HTML</Protocol>
  <ActionFiles>
    <FileEntry Name="vuser_init.c" Filter="2" />
    <FileEntry Name="Action.c" Filter="2" />
    <FileEntry Name="vuser_end.c" Filter="2" />
  </ActionFiles>
  <GeneralFiles>
    <FileEntry Name="UC7_BuyTicket_3+.usr" Filter="4" />
    <FileEntry Name="default.cfg" Filter="4" />
    <FileEntry Name="default.usp" Filter="4" />
    <FileEntry Name="UC7_BuyTicket_3+.prm" Filter="2" />
    <FileEntry Name="globals.h" Filter="2" />
    <FileEntry Name="D:\" Filter="2" />
    <FileEntry Name="randomNum.dat" Filter="2" />
    <FileEntry Name="combined_UC7_BuyTicket_3+.c" Filter="2" />
    <FileEntry Name="pre_cci.c" Filter="2" />
    <FileEntry Name="132371934440.idx" Filter="1" />
    <FileEntry Name="13237193444_9nY.1.idx" Filter="1" />
    <FileEntry Name="13237193444_czp.859.idx" Filter="1" />
    <FileEntry Name="13237193444_hX2.253.idx" Filter="1" />
    <FileEntry Name="13237193444_jX8.887.idx" Filter="1" />
    <FileEntry Name="13237193444_L1I.499.idx" Filter="1" />
    <FileEntry Name="13237193444_mDl.803.idx" Filter="1" />
    <FileEntry Name="13237193444_oLn.167.idx" Filter="1" />
    <FileEntry Name="13237193444_PRP.329.idx" Filter="1" />
    <FileEntry Name="157244984440.idx" Filter="1" />
    <FileEntry Name="225853194440.idx" Filter="1" />
    <FileEntry Name="232378516440.idx" Filter="1" />
    <FileEntry Name="75524406440.idx" Filter="1" />
    <FileEntry Name="Bookmarks.xml" Filter="1" />
    <FileEntry Name="Breakpoints.xml" Filter="1" />
    <FileEntry Name="CompilerLogMetadata.xml" Filter="1" />
    <FileEntry Name="logfile.log" Filter="1" />
    <FileEntry Name="mdrv.log" Filter="1" />
    <FileEntry Name="mdrv_cmd.txt" Filter="1" />
    <FileEntry Name="options.txt" Filter="1" />
    <FileEntry Name="output.bak" Filter="1" />
    <FileEntry Name="output.txt" Filter="1" />
    <FileEntry Name="OutputColoringDatabase.json" Filter="1" />
    <FileEntry Name="ReplaySummaryReport.xml" Filter="1" />
    <FileEntry Name="ScriptUploadMetadata.xml" Filter="1" />
    <FileEntry Name="TransactionsData.db" Filter="1" />
    <FileEntry Name="UC7_BuyTicket_3+.c.pickle" Filter="1" />
    <FileEntry Name="UC7_BuyTicket_3+.ci" Filter="1" />
    <FileEntry Name="UC7_BuyTicket_3+.prm.bak" Filter="1" />
    <FileEntry Name="UserTasks.xml" Filter="1" />
    <FileEntry Name="data\" Filter="1" />
    <FileEntry Name="result1\" Filter="1" />
  </GeneralFiles>
</VugenScriptMetadata>