<?xml version="1.0" encoding="utf-8"?>
<VugenScriptMetadata>
  <ScriptName>UC7_BuyTicket_3+</ScriptName>
  <Protocol>Web - HTTP/HTML</Protocol>
  <ActionFiles>
    <FileEntry Name="vuser_init.c" Filter="2" />
    <FileEntry Name="Action.c" Filter="2" />
    <FileEntry Name="vuser_end.c" Filter="2" />
  </ActionFiles>
  <GeneralFiles>
    <FileEntry Name="UC7_BuyTicket_3+.usr" Filter="4" />
    <FileEntry Name="default.cfg" Filter="4" />
    <FileEntry Name="default.usp" Filter="4" />
    <FileEntry Name="UC7_BuyTicket_3+.prm" Filter="2" />
    <FileEntry Name="globals.h" Filter="2" />
    <FileEntry Name="D:\" Filter="2" />
    <FileEntry Name="randomNum.dat" Filter="2" />
    <FileEntry Name="combined_UC7_BuyTicket_3+.c" Filter="2" />
    <FileEntry Name="pre_cci.c" Filter="2" />
    <FileEntry Name="132371934440.idx" Filter="1" />
    <FileEntry Name="13237193444_0Bc.367.idx" Filter="1" />
    <FileEntry Name="13237193444_1kT.595.idx" Filter="1" />
    <FileEntry Name="13237193444_2NH.529.idx" Filter="1" />
    <FileEntry Name="13237193444_4g7.25.idx" Filter="1" />
    <FileEntry Name="13237193444_7sC.829.idx" Filter="1" />
    <FileEntry Name="13237193444_8pb.257.idx" Filter="1" />
    <FileEntry Name="13237193444_9K1.785.idx" Filter="1" />
    <FileEntry Name="13237193444_adA.707.idx" Filter="1" />
    <FileEntry Name="13237193444_AmL.571.idx" Filter="1" />
    <FileEntry Name="13237193444_Bu4.211.idx" Filter="1" />
    <FileEntry Name="13237193444_D3F.507.idx" Filter="1" />
    <FileEntry Name="13237193444_DX5.169.idx" Filter="1" />
    <FileEntry Name="13237193444_ixM.73.idx" Filter="1" />
    <FileEntry Name="13237193444_JUT.799.idx" Filter="1" />
    <FileEntry Name="13237193444_kB0.801.idx" Filter="1" />
    <FileEntry Name="13237193444_kEg.565.idx" Filter="1" />
    <FileEntry Name="13237193444_kfW.989.idx" Filter="1" />
    <FileEntry Name="13237193444_kO1.63.idx" Filter="1" />
    <FileEntry Name="13237193444_NHR.623.idx" Filter="1" />
    <FileEntry Name="13237193444_nmr.809.idx" Filter="1" />
    <FileEntry Name="13237193444_QgU.177.idx" Filter="1" />
    <FileEntry Name="13237193444_rAl.711.idx" Filter="1" />
    <FileEntry Name="13237193444_RYS.411.idx" Filter="1" />
    <FileEntry Name="13237193444_ScV.829.idx" Filter="1" />
    <FileEntry Name="13237193444_T9i.83.idx" Filter="1" />
    <FileEntry Name="13237193444_tpL.645.idx" Filter="1" />
    <FileEntry Name="13237193444_yIw.185.idx" Filter="1" />
    <FileEntry Name="13237193444_ZbH.919.idx" Filter="1" />
    <FileEntry Name="157244984440.idx" Filter="1" />
    <FileEntry Name="225853194440.idx" Filter="1" />
    <FileEntry Name="232378516440.idx" Filter="1" />
    <FileEntry Name="75524406440.idx" Filter="1" />
    <FileEntry Name="Bookmarks.xml" Filter="1" />
    <FileEntry Name="Breakpoints.xml" Filter="1" />
    <FileEntry Name="Cities.dat" Filter="1" />
    <FileEntry Name="CompilerLogMetadata.xml" Filter="1" />
    <FileEntry Name="custom_body_variables.txt" Filter="1" />
    <FileEntry Name="logfile.log" Filter="1" />
    <FileEntry Name="lrw_custom_body.h" Filter="1" />
    <FileEntry Name="mdrv.log" Filter="1" />
    <FileEntry Name="mdrv_cmd.txt" Filter="1" />
    <FileEntry Name="options.txt" Filter="1" />
    <FileEntry Name="output.bak" Filter="1" />
    <FileEntry Name="output.txt" Filter="1" />
    <FileEntry Name="OutputColoringDatabase.json" Filter="1" />
    <FileEntry Name="Profiles.dat" Filter="1" />
    <FileEntry Name="ReplaySummaryReport.xml" Filter="1" />
    <FileEntry Name="ScriptUploadMetadata.xml" Filter="1" />
    <FileEntry Name="Seats.dat" Filter="1" />
    <FileEntry Name="ThumbnailsCache.tmp" Filter="1" />
    <FileEntry Name="TransactionsData.db" Filter="1" />
    <FileEntry Name="UC7_BuyTicket_3+.c.pickle" Filter="1" />
    <FileEntry Name="UC7_BuyTicket_3+.ci" Filter="1" />
    <FileEntry Name="UC7_BuyTicket_3+.prm.bak" Filter="1" />
    <FileEntry Name="UserTasks.xml" Filter="1" />
    <FileEntry Name="data\" Filter="1" />
    <FileEntry Name="result1\" Filter="1" />
  </GeneralFiles>
</VugenScriptMetadata>