login,password,firstName,lastName,address1,address2,cardNum,cardExpDate
jojo,bean,Jojo,Bean,Denver,123456,1234123412341234,01/25
bobo,jean,Bobo,Jean,Paris,234567,2345234523452345,02/26
dodo,mean,Dodo,Mean,Seattle,345678,3456345634563456,03/27
momo,dean,Momo,Dean,Zurich,456789,4567456745674567,04/28
coco,lean,Coco,Lean,Sydney,567890,5678567856785678,05/29
lolo,cean,Lolo,Cean,Frankfurt,678901,6789678967896789,06/30
fofo,gean,Fofo,Gean,Los Angeles,789012,7890789078907890,07/31
gogo,fean,Gogo,Fean,San Francisco,890123,8901890189018901,08/32
hoho,wean,Hoho,Wean,Portland,901234,9012901290129012,09/33
wowo,hean,Wowo,Hean,London,012345,0123012301230123,10/34