{"OutputFileHashSum":"56B0D4FE3C9B6FAADF9FDEE7BB70E29E754521B507472464E5A8757BBB190790","Converted":true,"OutputModifyDate":"2023-04-01T13:56:19.0772155Z","Metadatas":[{"CategoryName":"VuGen.Replay","Offset":529,"Length":23,"TypeId":1},{"CategoryName":"VuGen.Replay","Offset":655,"Length":59,"TypeId":2},{"CategoryName":"VuGen.Replay","Offset":855,"Length":61,"TypeId":2},{"CategoryName":"VuGen.Replay","Offset":4020,"Length":119,"TypeId":2},{"CategoryName":"VuGen.Replay","Offset":4139,"Length":51,"TypeId":2},{"CategoryName":"VuGen.Replay","Offset":7017,"Length":110,"TypeId":2},{"CategoryName":"VuGen.Replay","Offset":7127,"Length":62,"TypeId":2},{"CategoryName":"VuGen.Replay","Offset":9228,"Length":120,"TypeId":2},{"CategoryName":"VuGen.Replay","Offset":9348,"Length":72,"TypeId":2},{"CategoryName":"VuGen.Replay","Offset":10214,"Length":130,"TypeId":2},{"CategoryName":"VuGen.Replay","Offset":10344,"Length":66,"TypeId":2},{"CategoryName":"VuGen.Replay","Offset":11050,"Length":124,"TypeId":2},{"CategoryName":"VuGen.Replay","Offset":11174,"Length":60,"TypeId":2},{"CategoryName":"VuGen.Replay","Offset":12678,"Length":118,"TypeId":2},{"CategoryName":"VuGen.Replay","Offset":12796,"Length":62,"TypeId":2},{"CategoryName":"VuGen.Replay","Offset":15025,"Length":120,"TypeId":2},{"CategoryName":"VuGen.Replay","Offset":15145,"Length":56,"TypeId":2},{"CategoryName":"VuGen.Replay","Offset":16302,"Length":114,"TypeId":2},{"CategoryName":"VuGen.Replay","Offset":16416,"Length":119,"TypeId":2},{"CategoryName":"VuGen.Replay","Offset":16558,"Length":21,"TypeId":1}],"MetadataTypes":[{"CategoryName":"VuGen.Replay","MetadataTypeName":"HP.LR.Vugen.Iteration","Id":1},{"CategoryName":"VuGen.Replay","MetadataTypeName":"HP.LR.Vugen.NotifyTransaction","Id":2},{"CategoryName":"VuGen.Replay","MetadataTypeName":"Utt.Debugger.Error","Id":3},{"CategoryName":"VuGen.Replay","MetadataTypeName":"HP.LR.Vugen.NotifyAny","Id":4}]}