{"OutputFileHashSum":"34239F874F2B1DF31CA9BD5A4F9AF17B01C871C7EE5C847C7942F9A4F97C45F9","Converted":true,"OutputModifyDate":"2023-04-01T15:40:27.9008528Z","Metadatas":[],"MetadataTypes":[{"CategoryName":"VuGen.Replay","MetadataTypeName":"HP.LR.Vugen.Iteration","Id":1},{"CategoryName":"VuGen.Replay","MetadataTypeName":"HP.LR.Vugen.NotifyTransaction","Id":2},{"CategoryName":"VuGen.Replay","MetadataTypeName":"Utt.Debugger.Error","Id":3},{"CategoryName":"VuGen.Replay","MetadataTypeName":"HP.LR.Vugen.NotifyAny","Id":4}]}