<?xml version="1.0" encoding="utf-8"?>
<VugenScriptMetadata>
  <ScriptName>UC1_BuyTicket</ScriptName>
  <Protocol>Web - HTTP/HTML</Protocol>
  <ActionFiles>
    <FileEntry Name="vuser_init.c" Filter="2" />
    <FileEntry Name="Action.c" Filter="2" />
    <FileEntry Name="vuser_end.c" Filter="2" />
  </ActionFiles>
  <GeneralFiles>
    <FileEntry Name="UC1_BuyTicket.usr" Filter="4" />
    <FileEntry Name="default.cfg" Filter="4" />
    <FileEntry Name="default.usp" Filter="4" />
    <FileEntry Name="UC1_BuyTicket.prm" Filter="2" />
    <FileEntry Name="globals.h" Filter="2" />
    <FileEntry Name="address.dat" Filter="2" />
    <FileEntry Name="NewParam_1.dat" Filter="2" />
    <FileEntry Name="firstName.dat" Filter="2" />
    <FileEntry Name="NewParam.dat" Filter="2" />
    <FileEntry Name="cardExpDate.dat" Filter="2" />
    <FileEntry Name="lastName.dat" Filter="2" />
    <FileEntry Name="payCard.dat" Filter="2" />
    <FileEntry Name="combined_UC1_BuyTicket.c" Filter="2" />
    <FileEntry Name="pre_cci.c" Filter="2" />
    <FileEntry Name="118290876440.idx" Filter="1" />
    <FileEntry Name="156288033440.idx" Filter="1" />
    <FileEntry Name="161236313440.idx" Filter="1" />
    <FileEntry Name="208515779440.idx" Filter="1" />
    <FileEntry Name="23359922440.idx" Filter="1" />
    <FileEntry Name="264811168440.idx" Filter="1" />
    <FileEntry Name="30985465440.idx" Filter="1" />
    <FileEntry Name="3098546544_2rx.289.idx" Filter="1" />
    <FileEntry Name="3098546544_33p.329.idx" Filter="1" />
    <FileEntry Name="3098546544_4Cz.559.idx" Filter="1" />
    <FileEntry Name="3098546544_4gQ.851.idx" Filter="1" />
    <FileEntry Name="3098546544_4hJ.567.idx" Filter="1" />
    <FileEntry Name="3098546544_596.693.idx" Filter="1" />
    <FileEntry Name="3098546544_62e.675.idx" Filter="1" />
    <FileEntry Name="3098546544_7tI.241.idx" Filter="1" />
    <FileEntry Name="3098546544_8hL.63.idx" Filter="1" />
    <FileEntry Name="3098546544_a91.871.idx" Filter="1" />
    <FileEntry Name="3098546544_aCV.759.idx" Filter="1" />
    <FileEntry Name="3098546544_bot.289.idx" Filter="1" />
    <FileEntry Name="3098546544_cQx.5.idx" Filter="1" />
    <FileEntry Name="3098546544_d2c.975.idx" Filter="1" />
    <FileEntry Name="3098546544_Dh2.553.idx" Filter="1" />
    <FileEntry Name="3098546544_Ee3.785.idx" Filter="1" />
    <FileEntry Name="3098546544_F7B.269.idx" Filter="1" />
    <FileEntry Name="3098546544_FeW.55.idx" Filter="1" />
    <FileEntry Name="3098546544_Gqf.103.idx" Filter="1" />
    <FileEntry Name="3098546544_J7j.515.idx" Filter="1" />
    <FileEntry Name="3098546544_jjO.925.idx" Filter="1" />
    <FileEntry Name="3098546544_JTG.211.idx" Filter="1" />
    <FileEntry Name="3098546544_kan.717.idx" Filter="1" />
    <FileEntry Name="3098546544_kCy.807.idx" Filter="1" />
    <FileEntry Name="3098546544_khl.91.idx" Filter="1" />
    <FileEntry Name="3098546544_Mde.919.idx" Filter="1" />
    <FileEntry Name="3098546544_ML9.561.idx" Filter="1" />
    <FileEntry Name="3098546544_MMj.773.idx" Filter="1" />
    <FileEntry Name="3098546544_MZa.747.idx" Filter="1" />
    <FileEntry Name="3098546544_NIe.577.idx" Filter="1" />
    <FileEntry Name="3098546544_Pp6.743.idx" Filter="1" />
    <FileEntry Name="3098546544_qEl.289.idx" Filter="1" />
    <FileEntry Name="3098546544_rDa.279.idx" Filter="1" />
    <FileEntry Name="3098546544_RQ9.31.idx" Filter="1" />
    <FileEntry Name="3098546544_sjP.535.idx" Filter="1" />
    <FileEntry Name="3098546544_Tby.231.idx" Filter="1" />
    <FileEntry Name="3098546544_v2c.771.idx" Filter="1" />
    <FileEntry Name="3098546544_VNc.741.idx" Filter="1" />
    <FileEntry Name="3098546544_x9M.191.idx" Filter="1" />
    <FileEntry Name="3098546544_Xvp.465.idx" Filter="1" />
    <FileEntry Name="Bookmarks.xml" Filter="1" />
    <FileEntry Name="Breakpoints.xml" Filter="1" />
    <FileEntry Name="CompilerLogMetadata.xml" Filter="1" />
    <FileEntry Name="logfile.log" Filter="1" />
    <FileEntry Name="mdrv.log" Filter="1" />
    <FileEntry Name="mdrv_cmd.txt" Filter="1" />
    <FileEntry Name="options.txt" Filter="1" />
    <FileEntry Name="output.bak" Filter="1" />
    <FileEntry Name="output.txt" Filter="1" />
    <FileEntry Name="OutputColoringDatabase.json" Filter="1" />
    <FileEntry Name="ReplaySummaryReport.xml" Filter="1" />
    <FileEntry Name="ScriptUploadMetadata.xml" Filter="1" />
    <FileEntry Name="ThumbnailsCache.tmp" Filter="1" />
    <FileEntry Name="TransactionsData.db" Filter="1" />
    <FileEntry Name="UC1_BuyTicket.c.pickle" Filter="1" />
    <FileEntry Name="UC1_BuyTicket.ci" Filter="1" />
    <FileEntry Name="UC1_BuyTicket.prm.bak" Filter="1" />
    <FileEntry Name="UserTasks.xml" Filter="1" />
    <FileEntry Name="data\" Filter="1" />
    <FileEntry Name="result1\" Filter="1" />
  </GeneralFiles>
</VugenScriptMetadata>