<?xml version="1.0" encoding="utf-8"?>
<VugenScriptMetadata>
  <ScriptName>UC1_BuyTicket_Origin</ScriptName>
  <Protocol>Web - HTTP/HTML</Protocol>
  <ActionFiles>
    <FileEntry Name="vuser_init.c" Filter="2" />
    <FileEntry Name="Action1.c" Filter="2" />
    <FileEntry Name="vuser_end.c" Filter="2" />
  </ActionFiles>
  <GeneralFiles>
    <FileEntry Name="UC1_BuyTicket_Origin.usr" Filter="4" />
    <FileEntry Name="default.cfg" Filter="4" />
    <FileEntry Name="default.usp" Filter="4" />
    <FileEntry Name="UC1_BuyTicket.prm" Filter="2" />
    <FileEntry Name="globals.h" Filter="2" />
    <FileEntry Name="D:\" Filter="2" />
    <FileEntry Name="combined_UC1_BuyTicket.c" Filter="2" />
    <FileEntry Name="combined_UC1_BuyTicket_Origin.c" Filter="2" />
    <FileEntry Name="pre_cci.c" Filter="2" />
    <FileEntry Name="103967764440.idx" Filter="1" />
    <FileEntry Name="108452735440.idx" Filter="1" />
    <FileEntry Name="11341588440.idx" Filter="1" />
    <FileEntry Name="114040944440.idx" Filter="1" />
    <FileEntry Name="118290876440.idx" Filter="1" />
    <FileEntry Name="145887228440.idx" Filter="1" />
    <FileEntry Name="156288033440.idx" Filter="1" />
    <FileEntry Name="161236313440.idx" Filter="1" />
    <FileEntry Name="171044032440.idx" Filter="1" />
    <FileEntry Name="17104403244_0CM.831.idx" Filter="1" />
    <FileEntry Name="17104403244_0mi.741.idx" Filter="1" />
    <FileEntry Name="17104403244_1kp.177.idx" Filter="1" />
    <FileEntry Name="17104403244_1t4.447.idx" Filter="1" />
    <FileEntry Name="17104403244_23J.159.idx" Filter="1" />
    <FileEntry Name="17104403244_28p.783.idx" Filter="1" />
    <FileEntry Name="17104403244_2aY.7.idx" Filter="1" />
    <FileEntry Name="17104403244_4fY.201.idx" Filter="1" />
    <FileEntry Name="17104403244_59L.751.idx" Filter="1" />
    <FileEntry Name="17104403244_69y.851.idx" Filter="1" />
    <FileEntry Name="17104403244_6RC.903.idx" Filter="1" />
    <FileEntry Name="17104403244_7eq.169.idx" Filter="1" />
    <FileEntry Name="17104403244_7ID.215.idx" Filter="1" />
    <FileEntry Name="17104403244_7OT.47.idx" Filter="1" />
    <FileEntry Name="17104403244_7yU.241.idx" Filter="1" />
    <FileEntry Name="17104403244_9IW.905.idx" Filter="1" />
    <FileEntry Name="17104403244_9NA.650.idx" Filter="1" />
    <FileEntry Name="17104403244_9VP.863.idx" Filter="1" />
    <FileEntry Name="17104403244_A0i.573.idx" Filter="1" />
    <FileEntry Name="17104403244_A83.725.idx" Filter="1" />
    <FileEntry Name="17104403244_ADd.883.idx" Filter="1" />
    <FileEntry Name="17104403244_AWH.239.idx" Filter="1" />
    <FileEntry Name="17104403244_az8.281.idx" Filter="1" />
    <FileEntry Name="17104403244_b3r.301.idx" Filter="1" />
    <FileEntry Name="17104403244_BbY.595.idx" Filter="1" />
    <FileEntry Name="17104403244_bfR.155.idx" Filter="1" />
    <FileEntry Name="17104403244_bi4.575.idx" Filter="1" />
    <FileEntry Name="17104403244_bjH.147.idx" Filter="1" />
    <FileEntry Name="17104403244_BO3.161.idx" Filter="1" />
    <FileEntry Name="17104403244_BzL.993.idx" Filter="1" />
    <FileEntry Name="17104403244_cfl.811.idx" Filter="1" />
    <FileEntry Name="17104403244_cQ1.23.idx" Filter="1" />
    <FileEntry Name="17104403244_CYi.227.idx" Filter="1" />
    <FileEntry Name="17104403244_dfH.379.idx" Filter="1" />
    <FileEntry Name="17104403244_DhO.329.idx" Filter="1" />
    <FileEntry Name="17104403244_dIE.565.idx" Filter="1" />
    <FileEntry Name="17104403244_DIY.593.idx" Filter="1" />
    <FileEntry Name="17104403244_e5P.575.idx" Filter="1" />
    <FileEntry Name="17104403244_es8.511.idx" Filter="1" />
    <FileEntry Name="17104403244_evi.819.idx" Filter="1" />
    <FileEntry Name="17104403244_fhW.607.idx" Filter="1" />
    <FileEntry Name="17104403244_FpL.75.idx" Filter="1" />
    <FileEntry Name="17104403244_ftx.891.idx" Filter="1" />
    <FileEntry Name="17104403244_FxG.391.idx" Filter="1" />
    <FileEntry Name="17104403244_G1U.207.idx" Filter="1" />
    <FileEntry Name="17104403244_gJn.979.idx" Filter="1" />
    <FileEntry Name="17104403244_gwH.27.idx" Filter="1" />
    <FileEntry Name="17104403244_Hjz.807.idx" Filter="1" />
    <FileEntry Name="17104403244_HpN.289.idx" Filter="1" />
    <FileEntry Name="17104403244_hrJ.489.idx" Filter="1" />
    <FileEntry Name="17104403244_hWF.869.idx" Filter="1" />
    <FileEntry Name="17104403244_Hxh.97.idx" Filter="1" />
    <FileEntry Name="17104403244_i38.485.idx" Filter="1" />
    <FileEntry Name="17104403244_Izr.85.idx" Filter="1" />
    <FileEntry Name="17104403244_JbI.27.idx" Filter="1" />
    <FileEntry Name="17104403244_JT4.943.idx" Filter="1" />
    <FileEntry Name="17104403244_K5Q.649.idx" Filter="1" />
    <FileEntry Name="17104403244_kGj.519.idx" Filter="1" />
    <FileEntry Name="17104403244_KYr.601.idx" Filter="1" />
    <FileEntry Name="17104403244_lFQ.939.idx" Filter="1" />
    <FileEntry Name="17104403244_liw.911.idx" Filter="1" />
    <FileEntry Name="17104403244_lqI.863.idx" Filter="1" />
    <FileEntry Name="17104403244_MVR.551.idx" Filter="1" />
    <FileEntry Name="17104403244_nQy.119.idx" Filter="1" />
    <FileEntry Name="17104403244_OpD.243.idx" Filter="1" />
    <FileEntry Name="17104403244_ORT.771.idx" Filter="1" />
    <FileEntry Name="17104403244_ozK.351.idx" Filter="1" />
    <FileEntry Name="17104403244_P4l.687.idx" Filter="1" />
    <FileEntry Name="17104403244_PNN.705.idx" Filter="1" />
    <FileEntry Name="17104403244_pR1.725.idx" Filter="1" />
    <FileEntry Name="17104403244_PZr.101.idx" Filter="1" />
    <FileEntry Name="17104403244_Q2I.321.idx" Filter="1" />
    <FileEntry Name="17104403244_QUc.411.idx" Filter="1" />
    <FileEntry Name="17104403244_r9c.381.idx" Filter="1" />
    <FileEntry Name="17104403244_RbO.431.idx" Filter="1" />
    <FileEntry Name="17104403244_Rcj.517.idx" Filter="1" />
    <FileEntry Name="17104403244_rL5.623.idx" Filter="1" />
    <FileEntry Name="17104403244_S5d.101.idx" Filter="1" />
    <FileEntry Name="17104403244_S7p.497.idx" Filter="1" />
    <FileEntry Name="17104403244_sjP.535.idx" Filter="1" />
    <FileEntry Name="17104403244_sPS.929.idx" Filter="1" />
    <FileEntry Name="17104403244_Sqv.971.idx" Filter="1" />
    <FileEntry Name="17104403244_sQw.911.idx" Filter="1" />
    <FileEntry Name="17104403244_SsI.925.idx" Filter="1" />
    <FileEntry Name="17104403244_SwR.681.idx" Filter="1" />
    <FileEntry Name="17104403244_T7K.159.idx" Filter="1" />
    <FileEntry Name="17104403244_Te6.627.idx" Filter="1" />
    <FileEntry Name="17104403244_tIi.121.idx" Filter="1" />
    <FileEntry Name="17104403244_tKe.501.idx" Filter="1" />
    <FileEntry Name="17104403244_UAu.57.idx" Filter="1" />
    <FileEntry Name="17104403244_uhk.409.idx" Filter="1" />
    <FileEntry Name="17104403244_UhW.621.idx" Filter="1" />
    <FileEntry Name="17104403244_UI8.129.idx" Filter="1" />
    <FileEntry Name="17104403244_uJj.921.idx" Filter="1" />
    <FileEntry Name="17104403244_uM2.495.idx" Filter="1" />
    <FileEntry Name="17104403244_uNw.641.idx" Filter="1" />
    <FileEntry Name="17104403244_UPk.667.idx" Filter="1" />
    <FileEntry Name="17104403244_uPW.259.idx" Filter="1" />
    <FileEntry Name="17104403244_UxL.619.idx" Filter="1" />
    <FileEntry Name="17104403244_V2q.369.idx" Filter="1" />
    <FileEntry Name="17104403244_vie.105.idx" Filter="1" />
    <FileEntry Name="17104403244_vLM.421.idx" Filter="1" />
    <FileEntry Name="17104403244_VLo.661.idx" Filter="1" />
    <FileEntry Name="17104403244_Vls.559.idx" Filter="1" />
    <FileEntry Name="17104403244_vMy.775.idx" Filter="1" />
    <FileEntry Name="17104403244_VVY.753.idx" Filter="1" />
    <FileEntry Name="17104403244_wpe.739.idx" Filter="1" />
    <FileEntry Name="17104403244_WSm.513.idx" Filter="1" />
    <FileEntry Name="17104403244_x3M.243.idx" Filter="1" />
    <FileEntry Name="17104403244_XJh.99.idx" Filter="1" />
    <FileEntry Name="17104403244_Xmn.195.idx" Filter="1" />
    <FileEntry Name="17104403244_XVO.793.idx" Filter="1" />
    <FileEntry Name="17104403244_yEL.215.idx" Filter="1" />
    <FileEntry Name="17104403244_Ytk.641.idx" Filter="1" />
    <FileEntry Name="17104403244_YvS.359.idx" Filter="1" />
    <FileEntry Name="17104403244_z4W.243.idx" Filter="1" />
    <FileEntry Name="17104403244_Z6U.405.idx" Filter="1" />
    <FileEntry Name="17104403244_z8p.103.idx" Filter="1" />
    <FileEntry Name="17104403244_zDe.485.idx" Filter="1" />
    <FileEntry Name="17104403244_Zg1.23.idx" Filter="1" />
    <FileEntry Name="17104403244_ZHs.519.idx" Filter="1" />
    <FileEntry Name="17104403244_Zkh.87.idx" Filter="1" />
    <FileEntry Name="17104403244_zlx.29.idx" Filter="1" />
    <FileEntry Name="17104403244_zNB.59.idx" Filter="1" />
    <FileEntry Name="208515779440.idx" Filter="1" />
    <FileEntry Name="220625380440.idx" Filter="1" />
    <FileEntry Name="223637444440.idx" Filter="1" />
    <FileEntry Name="22363744444_45i.663.idx" Filter="1" />
    <FileEntry Name="22363744444_5KU.507.idx" Filter="1" />
    <FileEntry Name="22363744444_5Q1.989.idx" Filter="1" />
    <FileEntry Name="22363744444_avT.101.idx" Filter="1" />
    <FileEntry Name="22363744444_BPK.991.idx" Filter="1" />
    <FileEntry Name="22363744444_BVm.665.idx" Filter="1" />
    <FileEntry Name="22363744444_CRR.853.idx" Filter="1" />
    <FileEntry Name="22363744444_Dbl.645.idx" Filter="1" />
    <FileEntry Name="22363744444_EfY.359.idx" Filter="1" />
    <FileEntry Name="22363744444_f1Y.125.idx" Filter="1" />
    <FileEntry Name="22363744444_fqn.65.idx" Filter="1" />
    <FileEntry Name="22363744444_ftY.319.idx" Filter="1" />
    <FileEntry Name="22363744444_gsv.33.idx" Filter="1" />
    <FileEntry Name="22363744444_GZP.539.idx" Filter="1" />
    <FileEntry Name="22363744444_hfl.847.idx" Filter="1" />
    <FileEntry Name="22363744444_igi.195.idx" Filter="1" />
    <FileEntry Name="22363744444_Jec.809.idx" Filter="1" />
    <FileEntry Name="22363744444_jse.565.idx" Filter="1" />
    <FileEntry Name="22363744444_kBh.997.idx" Filter="1" />
    <FileEntry Name="22363744444_kWU.531.idx" Filter="1" />
    <FileEntry Name="22363744444_MNU.381.idx" Filter="1" />
    <FileEntry Name="22363744444_nog.315.idx" Filter="1" />
    <FileEntry Name="22363744444_Onj.479.idx" Filter="1" />
    <FileEntry Name="22363744444_OpH.899.idx" Filter="1" />
    <FileEntry Name="22363744444_PZM.859.idx" Filter="1" />
    <FileEntry Name="22363744444_qmq.385.idx" Filter="1" />
    <FileEntry Name="22363744444_tJD.693.idx" Filter="1" />
    <FileEntry Name="22363744444_TZz.449.idx" Filter="1" />
    <FileEntry Name="22363744444_UGt.909.idx" Filter="1" />
    <FileEntry Name="22363744444_uME.119.idx" Filter="1" />
    <FileEntry Name="22363744444_Uyf.35.idx" Filter="1" />
    <FileEntry Name="22363744444_v1v.967.idx" Filter="1" />
    <FileEntry Name="22363744444_yZF.325.idx" Filter="1" />
    <FileEntry Name="22363744444_ZlR.753.idx" Filter="1" />
    <FileEntry Name="22363744444_zmu.487.idx" Filter="1" />
    <FileEntry Name="22363744444_zN3.759.idx" Filter="1" />
    <FileEntry Name="231485610440.idx" Filter="1" />
    <FileEntry Name="23359922440.idx" Filter="1" />
    <FileEntry Name="23365533440.idx" Filter="1" />
    <FileEntry Name="2336553344_0kO.695.idx" Filter="1" />
    <FileEntry Name="2336553344_0lZ.73.idx" Filter="1" />
    <FileEntry Name="2336553344_1Gf.591.idx" Filter="1" />
    <FileEntry Name="2336553344_2Nr.341.idx" Filter="1" />
    <FileEntry Name="2336553344_3SV.499.idx" Filter="1" />
    <FileEntry Name="2336553344_3Ys.335.idx" Filter="1" />
    <FileEntry Name="2336553344_5g4.369.idx" Filter="1" />
    <FileEntry Name="2336553344_5ww.363.idx" Filter="1" />
    <FileEntry Name="2336553344_654.989.idx" Filter="1" />
    <FileEntry Name="2336553344_7pO.433.idx" Filter="1" />
    <FileEntry Name="2336553344_8u0.275.idx" Filter="1" />
    <FileEntry Name="2336553344_9LD.511.idx" Filter="1" />
    <FileEntry Name="2336553344_aKS.433.idx" Filter="1" />
    <FileEntry Name="2336553344_cJg.959.idx" Filter="1" />
    <FileEntry Name="2336553344_CYb.971.idx" Filter="1" />
    <FileEntry Name="2336553344_dFW.851.idx" Filter="1" />
    <FileEntry Name="2336553344_EFg.73.idx" Filter="1" />
    <FileEntry Name="2336553344_eUy.745.idx" Filter="1" />
    <FileEntry Name="2336553344_GnJ.105.idx" Filter="1" />
    <FileEntry Name="2336553344_Hpt.825.idx" Filter="1" />
    <FileEntry Name="2336553344_j7T.407.idx" Filter="1" />
    <FileEntry Name="2336553344_JWG.367.idx" Filter="1" />
    <FileEntry Name="2336553344_K6d.599.idx" Filter="1" />
    <FileEntry Name="2336553344_kUP.909.idx" Filter="1" />
    <FileEntry Name="2336553344_lAL.83.idx" Filter="1" />
    <FileEntry Name="2336553344_Lba.513.idx" Filter="1" />
    <FileEntry Name="2336553344_LHg.523.idx" Filter="1" />
    <FileEntry Name="2336553344_LZe.105.idx" Filter="1" />
    <FileEntry Name="2336553344_N3E.83.idx" Filter="1" />
    <FileEntry Name="2336553344_nw9.117.idx" Filter="1" />
    <FileEntry Name="2336553344_OLk.947.idx" Filter="1" />
    <FileEntry Name="2336553344_ox4.351.idx" Filter="1" />
    <FileEntry Name="2336553344_Pr9.803.idx" Filter="1" />
    <FileEntry Name="2336553344_QUc.411.idx" Filter="1" />
    <FileEntry Name="2336553344_QWV.883.idx" Filter="1" />
    <FileEntry Name="2336553344_T3G.787.idx" Filter="1" />
    <FileEntry Name="2336553344_TeI.397.idx" Filter="1" />
    <FileEntry Name="2336553344_u1s.317.idx" Filter="1" />
    <FileEntry Name="2336553344_UH1.473.idx" Filter="1" />
    <FileEntry Name="2336553344_unu.623.idx" Filter="1" />
    <FileEntry Name="2336553344_uP2.831.idx" Filter="1" />
    <FileEntry Name="2336553344_Vur.773.idx" Filter="1" />
    <FileEntry Name="2336553344_vwY.491.idx" Filter="1" />
    <FileEntry Name="2336553344_WU9.311.idx" Filter="1" />
    <FileEntry Name="2336553344_XHC.875.idx" Filter="1" />
    <FileEntry Name="2336553344_XsV.339.idx" Filter="1" />
    <FileEntry Name="2336553344_XzK.555.idx" Filter="1" />
    <FileEntry Name="2336553344_yfe.607.idx" Filter="1" />
    <FileEntry Name="2336553344_ygf.753.idx" Filter="1" />
    <FileEntry Name="2336553344_Yj6.315.idx" Filter="1" />
    <FileEntry Name="238379420440.idx" Filter="1" />
    <FileEntry Name="264811168440.idx" Filter="1" />
    <FileEntry Name="266548376440.idx" Filter="1" />
    <FileEntry Name="30985465440.idx" Filter="1" />
    <FileEntry Name="3098546544_226.51.idx" Filter="1" />
    <FileEntry Name="3098546544_2rx.289.idx" Filter="1" />
    <FileEntry Name="3098546544_33p.329.idx" Filter="1" />
    <FileEntry Name="3098546544_4Cz.559.idx" Filter="1" />
    <FileEntry Name="3098546544_4gQ.851.idx" Filter="1" />
    <FileEntry Name="3098546544_4hJ.567.idx" Filter="1" />
    <FileEntry Name="3098546544_596.693.idx" Filter="1" />
    <FileEntry Name="3098546544_62e.675.idx" Filter="1" />
    <FileEntry Name="3098546544_7GU.25.idx" Filter="1" />
    <FileEntry Name="3098546544_7tI.241.idx" Filter="1" />
    <FileEntry Name="3098546544_8hL.63.idx" Filter="1" />
    <FileEntry Name="3098546544_a91.871.idx" Filter="1" />
    <FileEntry Name="3098546544_aCV.759.idx" Filter="1" />
    <FileEntry Name="3098546544_bot.289.idx" Filter="1" />
    <FileEntry Name="3098546544_bQe.159.idx" Filter="1" />
    <FileEntry Name="3098546544_cQx.5.idx" Filter="1" />
    <FileEntry Name="3098546544_d2c.975.idx" Filter="1" />
    <FileEntry Name="3098546544_Dh2.553.idx" Filter="1" />
    <FileEntry Name="3098546544_dMh.963.idx" Filter="1" />
    <FileEntry Name="3098546544_DUM.57.idx" Filter="1" />
    <FileEntry Name="3098546544_Ee3.785.idx" Filter="1" />
    <FileEntry Name="3098546544_eIq.601.idx" Filter="1" />
    <FileEntry Name="3098546544_F7B.269.idx" Filter="1" />
    <FileEntry Name="3098546544_FeW.55.idx" Filter="1" />
    <FileEntry Name="3098546544_gOy.791.idx" Filter="1" />
    <FileEntry Name="3098546544_Gqf.103.idx" Filter="1" />
    <FileEntry Name="3098546544_HSp.49.idx" Filter="1" />
    <FileEntry Name="3098546544_i5j.955.idx" Filter="1" />
    <FileEntry Name="3098546544_I5L.953.idx" Filter="1" />
    <FileEntry Name="3098546544_J7j.515.idx" Filter="1" />
    <FileEntry Name="3098546544_jBb.983.idx" Filter="1" />
    <FileEntry Name="3098546544_jjO.925.idx" Filter="1" />
    <FileEntry Name="3098546544_JTG.211.idx" Filter="1" />
    <FileEntry Name="3098546544_kan.717.idx" Filter="1" />
    <FileEntry Name="3098546544_kCy.807.idx" Filter="1" />
    <FileEntry Name="3098546544_khl.91.idx" Filter="1" />
    <FileEntry Name="3098546544_Mde.919.idx" Filter="1" />
    <FileEntry Name="3098546544_ML9.561.idx" Filter="1" />
    <FileEntry Name="3098546544_MMj.773.idx" Filter="1" />
    <FileEntry Name="3098546544_msn.333.idx" Filter="1" />
    <FileEntry Name="3098546544_mtH.269.idx" Filter="1" />
    <FileEntry Name="3098546544_MyE.447.idx" Filter="1" />
    <FileEntry Name="3098546544_MZa.747.idx" Filter="1" />
    <FileEntry Name="3098546544_NIe.577.idx" Filter="1" />
    <FileEntry Name="3098546544_oZ8.443.idx" Filter="1" />
    <FileEntry Name="3098546544_P03.619.idx" Filter="1" />
    <FileEntry Name="3098546544_Pp6.743.idx" Filter="1" />
    <FileEntry Name="3098546544_q52.565.idx" Filter="1" />
    <FileEntry Name="3098546544_qEl.289.idx" Filter="1" />
    <FileEntry Name="3098546544_rDa.279.idx" Filter="1" />
    <FileEntry Name="3098546544_RQ9.31.idx" Filter="1" />
    <FileEntry Name="3098546544_RYy.837.idx" Filter="1" />
    <FileEntry Name="3098546544_sCA.695.idx" Filter="1" />
    <FileEntry Name="3098546544_sjP.535.idx" Filter="1" />
    <FileEntry Name="3098546544_smp.345.idx" Filter="1" />
    <FileEntry Name="3098546544_Tby.231.idx" Filter="1" />
    <FileEntry Name="3098546544_v2c.771.idx" Filter="1" />
    <FileEntry Name="3098546544_VNc.741.idx" Filter="1" />
    <FileEntry Name="3098546544_VOG.119.idx" Filter="1" />
    <FileEntry Name="3098546544_Wb2.799.idx" Filter="1" />
    <FileEntry Name="3098546544_x9M.191.idx" Filter="1" />
    <FileEntry Name="3098546544_Xvp.465.idx" Filter="1" />
    <FileEntry Name="3098546544_ypV.403.idx" Filter="1" />
    <FileEntry Name="3098546544_YTC.831.idx" Filter="1" />
    <FileEntry Name="3098546544_yUU.3.idx" Filter="1" />
    <FileEntry Name="3098546544_YYc.23.idx" Filter="1" />
    <FileEntry Name="31836217440.idx" Filter="1" />
    <FileEntry Name="7460057440.idx" Filter="1" />
    <FileEntry Name="75880525440.idx" Filter="1" />
    <FileEntry Name="82576800440.idx" Filter="1" />
    <FileEntry Name="address.dat" Filter="1" />
    <FileEntry Name="address1.dat" Filter="1" />
    <FileEntry Name="address2.dat" Filter="1" />
    <FileEntry Name="Bookmarks.xml" Filter="1" />
    <FileEntry Name="Breakpoints.xml" Filter="1" />
    <FileEntry Name="cardExpDate.dat" Filter="1" />
    <FileEntry Name="cardNum.dat" Filter="1" />
    <FileEntry Name="Cities.dat" Filter="1" />
    <FileEntry Name="cityAddress.dat" Filter="1" />
    <FileEntry Name="class.dat" Filter="1" />
    <FileEntry Name="CompilerLogMetadata.xml" Filter="1" />
    <FileEntry Name="data.zip" Filter="1" />
    <FileEntry Name="departDate.dat" Filter="1" />
    <FileEntry Name="logfile.log" Filter="1" />
    <FileEntry Name="login.dat" Filter="1" />
    <FileEntry Name="mdrv.log" Filter="1" />
    <FileEntry Name="mdrv_cmd.txt" Filter="1" />
    <FileEntry Name="NewParam.dat" Filter="1" />
    <FileEntry Name="NewParam_1.dat" Filter="1" />
    <FileEntry Name="options.txt" Filter="1" />
    <FileEntry Name="output.bak" Filter="1" />
    <FileEntry Name="output.txt" Filter="1" />
    <FileEntry Name="OutputColoringDatabase.json" Filter="1" />
    <FileEntry Name="Profiles.dat" Filter="1" />
    <FileEntry Name="ReplaySummaryReport.xml" Filter="1" />
    <FileEntry Name="returnDate.dat" Filter="1" />
    <FileEntry Name="ScriptUploadMetadata.xml" Filter="1" />
    <FileEntry Name="Seats.dat" Filter="1" />
    <FileEntry Name="ThumbnailsCache.tmp" Filter="1" />
    <FileEntry Name="TransactionsData.db" Filter="1" />
    <FileEntry Name="UC1_BuyTicket.c.pickle" Filter="1" />
    <FileEntry Name="UC1_BuyTicket.ci" Filter="1" />
    <FileEntry Name="UC1_BuyTicket.prm.bak" Filter="1" />
    <FileEntry Name="UC1_BuyTicket_Origin.c.pickle" Filter="1" />
    <FileEntry Name="UC1_BuyTicket_Origin.ci" Filter="1" />
    <FileEntry Name="UserTasks.xml" Filter="1" />
    <FileEntry Name="data\" Filter="1" />
    <FileEntry Name="result1\" Filter="1" />
  </GeneralFiles>
</VugenScriptMetadata>