<?xml version="1.0" encoding="utf-8"?>
<VugenScriptMetadata>
  <ScriptName>UC_01_LoginLogout</ScriptName>
  <Protocol>Web - HTTP/HTML</Protocol>
  <ActionFiles>
    <FileEntry Name="vuser_init.c" Filter="2" />
    <FileEntry Name="Action.c" Filter="2" />
    <FileEntry Name="vuser_end.c" Filter="2" />
  </ActionFiles>
  <GeneralFiles>
    <FileEntry Name="UC_01_LoginLogout.usr" Filter="4" />
    <FileEntry Name="default.cfg" Filter="4" />
    <FileEntry Name="default.usp" Filter="4" />
    <FileEntry Name="UC1_LoginLogout.prm" Filter="2" />
    <FileEntry Name="globals.h" Filter="2" />
    <FileEntry Name="D:\" Filter="2" />
    <FileEntry Name="combined_UC1_LoginLogout.c" Filter="2" />
    <FileEntry Name="combined_UC_01_LoginLogout.c" Filter="2" />
    <FileEntry Name="pre_cci.c" Filter="2" />
    <FileEntry Name="122475998440.idx" Filter="1" />
    <FileEntry Name="250233070440.idx" Filter="1" />
    <FileEntry Name="Bookmarks.xml" Filter="1" />
    <FileEntry Name="Breakpoints.xml" Filter="1" />
    <FileEntry Name="CompilerLogMetadata.xml" Filter="1" />
    <FileEntry Name="custom_body_variables.txt" Filter="1" />
    <FileEntry Name="logfile.log" Filter="1" />
    <FileEntry Name="lrw_custom_body.h" Filter="1" />
    <FileEntry Name="mdrv.log" Filter="1" />
    <FileEntry Name="mdrvGl9.9.log" Filter="1" />
    <FileEntry Name="mdrvn12.873.log" Filter="1" />
    <FileEntry Name="mdrvNHR.623.log" Filter="1" />
    <FileEntry Name="mdrvQz2.891.log" Filter="1" />
    <FileEntry Name="mdrvR5d.453.log" Filter="1" />
    <FileEntry Name="mdrvslq.555.log" Filter="1" />
    <FileEntry Name="mdrvuuf.969.log" Filter="1" />
    <FileEntry Name="mdrvzmV.131.log" Filter="1" />
    <FileEntry Name="mdrv_cmd.txt" Filter="1" />
    <FileEntry Name="options.txt" Filter="1" />
    <FileEntry Name="output.bak" Filter="1" />
    <FileEntry Name="output.txt" Filter="1" />
    <FileEntry Name="OutputColoringDatabase.json" Filter="1" />
    <FileEntry Name="ReplaySummaryReport.xml" Filter="1" />
    <FileEntry Name="ScriptUploadMetadata.xml" Filter="1" />
    <FileEntry Name="TransactionsData.db" Filter="1" />
    <FileEntry Name="UC1_LoginLogout.c.pickle" Filter="1" />
    <FileEntry Name="UC1_LoginLogout.ci" Filter="1" />
    <FileEntry Name="UC1_LoginLogout.prm.bak" Filter="1" />
    <FileEntry Name="UC_01_LoginLogout.c.pickle" Filter="1" />
    <FileEntry Name="UC_01_LoginLogout.ci" Filter="1" />
    <FileEntry Name="UserTasks.xml" Filter="1" />
    <FileEntry Name="data\" Filter="1" />
    <FileEntry Name="result1\" Filter="1" />
  </GeneralFiles>
</VugenScriptMetadata>