<?xml version="1.0" encoding="utf-8"?>
<VugenScriptMetadata>
  <ScriptName>UC_03_BuyTicket_3</ScriptName>
  <Protocol>Web - HTTP/HTML</Protocol>
  <ActionFiles>
    <FileEntry Name="vuser_init.c" Filter="2" />
    <FileEntry Name="Action.c" Filter="2" />
    <FileEntry Name="vuser_end.c" Filter="2" />
  </ActionFiles>
  <GeneralFiles>
    <FileEntry Name="UC_03_BuyTicket_3.usr" Filter="4" />
    <FileEntry Name="default.cfg" Filter="4" />
    <FileEntry Name="default.usp" Filter="4" />
    <FileEntry Name="UC7_BuyTicket_3+.prm" Filter="2" />
    <FileEntry Name="globals.h" Filter="2" />
    <FileEntry Name="D:\" Filter="2" />
    <FileEntry Name="randomNum.dat" Filter="2" />
    <FileEntry Name="combined_UC3_BuyTicket_3+.c" Filter="2" />
    <FileEntry Name="combined_UC3_BuyTicket_3.c" Filter="2" />
    <FileEntry Name="combined_UC7_BuyTicket_3+.c" Filter="2" />
    <FileEntry Name="combined_UC_03_BuyTicket_3.c" Filter="2" />
    <FileEntry Name="pre_cci.c" Filter="2" />
    <FileEntry Name="10099333440.idx" Filter="1" />
    <FileEntry Name="109184914440.idx" Filter="1" />
    <FileEntry Name="121451536440.idx" Filter="1" />
    <FileEntry Name="132371934440.idx" Filter="1" />
    <FileEntry Name="13237193444_9nY.1.idx" Filter="1" />
    <FileEntry Name="13237193444_czp.859.idx" Filter="1" />
    <FileEntry Name="13237193444_hX2.253.idx" Filter="1" />
    <FileEntry Name="13237193444_jX8.887.idx" Filter="1" />
    <FileEntry Name="13237193444_L1I.499.idx" Filter="1" />
    <FileEntry Name="13237193444_mDl.803.idx" Filter="1" />
    <FileEntry Name="13237193444_oLn.167.idx" Filter="1" />
    <FileEntry Name="13237193444_PRP.329.idx" Filter="1" />
    <FileEntry Name="148084037440.idx" Filter="1" />
    <FileEntry Name="154185910440.idx" Filter="1" />
    <FileEntry Name="157244984440.idx" Filter="1" />
    <FileEntry Name="192593876440.idx" Filter="1" />
    <FileEntry Name="208240704440.idx" Filter="1" />
    <FileEntry Name="20824070444_3iU.109.idx" Filter="1" />
    <FileEntry Name="20824070444_aqx.797.idx" Filter="1" />
    <FileEntry Name="20824070444_D9C.643.idx" Filter="1" />
    <FileEntry Name="20824070444_tNV.927.idx" Filter="1" />
    <FileEntry Name="225853194440.idx" Filter="1" />
    <FileEntry Name="232378516440.idx" Filter="1" />
    <FileEntry Name="246501887440.idx" Filter="1" />
    <FileEntry Name="261949627440.idx" Filter="1" />
    <FileEntry Name="40319525440.idx" Filter="1" />
    <FileEntry Name="75524406440.idx" Filter="1" />
    <FileEntry Name="Bookmarks.xml" Filter="1" />
    <FileEntry Name="Breakpoints.xml" Filter="1" />
    <FileEntry Name="CompilerLogMetadata.xml" Filter="1" />
    <FileEntry Name="logfile.log" Filter="1" />
    <FileEntry Name="mdrv.log" Filter="1" />
    <FileEntry Name="mdrv2wG.675.log" Filter="1" />
    <FileEntry Name="mdrv7j1.639.log" Filter="1" />
    <FileEntry Name="mdrv8E8.781.log" Filter="1" />
    <FileEntry Name="mdrvbfY.9.log" Filter="1" />
    <FileEntry Name="mdrvblP.821.log" Filter="1" />
    <FileEntry Name="mdrvBz5.451.log" Filter="1" />
    <FileEntry Name="mdrvC4Z.515.log" Filter="1" />
    <FileEntry Name="mdrvHNQ.717.log" Filter="1" />
    <FileEntry Name="mdrvIV5.183.log" Filter="1" />
    <FileEntry Name="mdrvJ0o.555.log" Filter="1" />
    <FileEntry Name="mdrvLaL.925.log" Filter="1" />
    <FileEntry Name="mdrvlkD.85.log" Filter="1" />
    <FileEntry Name="mdrvMfF.683.log" Filter="1" />
    <FileEntry Name="mdrvmG0.181.log" Filter="1" />
    <FileEntry Name="mdrvnxE.161.log" Filter="1" />
    <FileEntry Name="mdrvOVm.457.log" Filter="1" />
    <FileEntry Name="mdrvrMm.275.log" Filter="1" />
    <FileEntry Name="mdrvSGh.813.log" Filter="1" />
    <FileEntry Name="mdrvvSs.539.log" Filter="1" />
    <FileEntry Name="mdrvXWD.175.log" Filter="1" />
    <FileEntry Name="mdrvygf.753.log" Filter="1" />
    <FileEntry Name="mdrvZcu.685.log" Filter="1" />
    <FileEntry Name="mdrv_cmd.txt" Filter="1" />
    <FileEntry Name="options.txt" Filter="1" />
    <FileEntry Name="output.bak" Filter="1" />
    <FileEntry Name="output.txt" Filter="1" />
    <FileEntry Name="OutputColoringDatabase.json" Filter="1" />
    <FileEntry Name="ReplaySummaryReport.xml" Filter="1" />
    <FileEntry Name="ScriptUploadMetadata.xml" Filter="1" />
    <FileEntry Name="TransactionsData.db" Filter="1" />
    <FileEntry Name="UC3_BuyTicket_3+.c.pickle" Filter="1" />
    <FileEntry Name="UC3_BuyTicket_3+.ci" Filter="1" />
    <FileEntry Name="UC3_BuyTicket_3.c.pickle" Filter="1" />
    <FileEntry Name="UC3_BuyTicket_3.ci" Filter="1" />
    <FileEntry Name="UC7_BuyTicket_3+.c.pickle" Filter="1" />
    <FileEntry Name="UC7_BuyTicket_3+.ci" Filter="1" />
    <FileEntry Name="UC7_BuyTicket_3+.prm.bak" Filter="1" />
    <FileEntry Name="UC_03_BuyTicket_3.c.pickle" Filter="1" />
    <FileEntry Name="UC_03_BuyTicket_3.ci" Filter="1" />
    <FileEntry Name="UserTasks.xml" Filter="1" />
    <FileEntry Name="data\" Filter="1" />
    <FileEntry Name="result1\" Filter="1" />
  </GeneralFiles>
</VugenScriptMetadata>