﻿<DataObject comparison="Ordinal">
  <Section id="">
    <Subsections>
      <Section id="General">
        <Subsections />
        <Entries>
          <Entry key="ElapsedTime">
            <double>0.9496047</double>
          </Entry>
          <Entry key="StartedAt">
            <dateTime>2023-04-08T19:30:28.7759177+03:00</dateTime>
          </Entry>
          <Entry key="EndedAt">
            <dateTime>2023-04-08T19:30:29.7255224+03:00</dateTime>
          </Entry>
          <Entry key="ReplayStatus">
            <LastReplayRunStatus>Passed</LastReplayRunStatus>
          </Entry>
          <Entry key="NumberOfReplayErrors">
            <int>0</int>
          </Entry>
          <Entry key="NumberOfReplayCriticalErrors">
            <int>0</int>
          </Entry>
          <Entry key="NumberOfCompilationErrors">
            <int>0</int>
          </Entry>
        </Entries>
      </Section>
    </Subsections>
    <Entries>
      <Entry key="Iterations">
        <int>1</int>
      </Entry>
    </Entries>
  </Section>
</DataObject>