[
    {
        "actionName": "Action",
        "steps": [
            {
                "stepId": "STEP1",
                "stepName": "Url: WebTours",
                "infFile": "t2.inf",
                "time": 1680357377795
            },
            {
                "stepId": "STEP2",
                "stepName": "Submit Data: login.pl",
                "infFile": "t3.inf",
                "time": 1680357378045
            },
            {
                "stepId": "STEP3",
                "stepName": "Url: Search Flights Button",
                "infFile": "t4.inf",
                "time": 1680357378269
            },
            {
                "stepId": "STEP4",
                "stepName": "Submit Data: reservations.pl",
                "infFile": "t5.inf",
                "time": 1680357378382
            },
            {
                "stepId": "STEP5",
                "stepName": "Submit Data: reservations.pl_2",
                "infFile": "t6.inf",
                "time": 1680357378495
            },
            {
                "stepId": "STEP6",
                "stepName": "Submit Data: reservations.pl_3",
                "infFile": "t7.inf",
                "time": 1680357378656
            },
            {
                "stepId": "STEP7",
                "stepName": "Url: Itinerary Button",
                "infFile": "t8.inf",
                "time": 1680357378891
            },
            {
                "stepId": "STEP8",
                "stepName": "Url: SignOff Button",
                "infFile": "t9.inf",
                "time": 1680357379029
            }
        ],
        "transactions": [
            {
                "transactionName": "open_home_page",
                "rawStartTime": 1680357377473,
                "rawEndTime": 1680357377809,
                "thinkTime": 0.0,
                "wastedTime": 0.06793856620788574
            },
            {
                "transactionName": "auth",
                "rawStartTime": 1680357377841,
                "rawEndTime": 1680357378049,
                "thinkTime": 0.0,
                "wastedTime": 0.006042957305908203
            },
            {
                "transactionName": "search_flights",
                "rawStartTime": 1680357378081,
                "rawEndTime": 1680357378273,
                "thinkTime": 0.0,
                "wastedTime": 0.0058782100677490238
            },
            {
                "transactionName": "choose_flight_parameters",
                "rawStartTime": 1680357378289,
                "rawEndTime": 1680357378385,
                "thinkTime": 0.0,
                "wastedTime": 0.003412008285522461
            },
            {
                "transactionName": "choose_flight_time",
                "rawStartTime": 1680357378417,
                "rawEndTime": 1680357378497,
                "thinkTime": 0.0,
                "wastedTime": 0.003361940383911133
            },
            {
                "transactionName": "payment_form",
                "rawStartTime": 1680357378529,
                "rawEndTime": 1680357378672,
                "thinkTime": 0.0,
                "wastedTime": 0.003771066665649414
            },
            {
                "transactionName": "itinerary_page",
                "rawStartTime": 1680357378703,
                "rawEndTime": 1680357378895,
                "thinkTime": 0.0,
                "wastedTime": 0.005858182907104492
            },
            {
                "transactionName": "logg_out",
                "rawStartTime": 1680357378912,
                "rawEndTime": 1680357379039,
                "thinkTime": 0.0,
                "wastedTime": 0.00399470329284668
            },
            {
                "transactionName": "UC1_BuyTicket",
                "rawStartTime": 1680357377441,
                "rawEndTime": 1680357379055,
                "thinkTime": 0.0,
                "wastedTime": 0.10025763511657715
            }
        ]
    }
]