[
    {
        "actionName": "Action",
        "steps": [
            {
                "stepId": "STEP1",
                "stepName": "Url: WebTours",
                "infFile": "t2.inf",
                "time": 1680432223488
            },
            {
                "stepId": "STEP2",
                "stepName": "Submit Data: login.pl",
                "infFile": "t3.inf",
                "time": 1680432223753
            },
            {
                "stepId": "STEP3",
                "stepName": "Url: Search Flights Button",
                "infFile": "t4.inf",
                "time": 1680432224015
            },
            {
                "stepId": "STEP4",
                "stepName": "Submit Data: reservations.pl",
                "infFile": "t5.inf",
                "time": 1680432224150
            },
            {
                "stepId": "STEP5",
                "stepName": "Submit Data: reservations.pl_2",
                "infFile": "t6.inf",
                "time": 1680432224294
            },
            {
                "stepId": "STEP6",
                "stepName": "Submit Data: reservations.pl_3",
                "infFile": "t7.inf",
                "time": 1680432224519
            },
            {
                "stepId": "STEP7",
                "stepName": "Url: Itinerary Button",
                "infFile": "t8.inf",
                "time": 1680432224777
            },
            {
                "stepId": "STEP8",
                "stepName": "Url: SignOff Button",
                "infFile": "t9.inf",
                "time": 1680432224929
            }
        ],
        "transactions": [
            {
                "transactionName": "open_home_page",
                "rawStartTime": 1680432223124,
                "rawEndTime": 1680432223502,
                "thinkTime": 0.0,
                "wastedTime": 0.06706714630126953
            },
            {
                "transactionName": "auth",
                "rawStartTime": 1680432223538,
                "rawEndTime": 1680432223765,
                "thinkTime": 0.0,
                "wastedTime": 0.0052416324615478519
            },
            {
                "transactionName": "search_flights",
                "rawStartTime": 1680432223805,
                "rawEndTime": 1680432224027,
                "thinkTime": 0.0,
                "wastedTime": 0.004761457443237305
            },
            {
                "transactionName": "choose_flight_parameters",
                "rawStartTime": 1680432224047,
                "rawEndTime": 1680432224169,
                "thinkTime": 0.0,
                "wastedTime": 0.0030875205993652345
            },
            {
                "transactionName": "choose_flight_time",
                "rawStartTime": 1680432224210,
                "rawEndTime": 1680432224312,
                "thinkTime": 0.0,
                "wastedTime": 0.0030841827392578127
            },
            {
                "transactionName": "payment_form",
                "rawStartTime": 1680432224353,
                "rawEndTime": 1680432224536,
                "thinkTime": 0.0,
                "wastedTime": 0.003307819366455078
            },
            {
                "transactionName": "itinerary_page",
                "rawStartTime": 1680432224567,
                "rawEndTime": 1680432224785,
                "thinkTime": 0.0,
                "wastedTime": 0.0061876773834228519
            },
            {
                "transactionName": "logg_out",
                "rawStartTime": 1680432224817,
                "rawEndTime": 1680432224933,
                "thinkTime": 0.0,
                "wastedTime": 0.0035774707794189455
            },
            {
                "transactionName": "UC1_BuyTicket",
                "rawStartTime": 1680432223084,
                "rawEndTime": 1680432224948,
                "thinkTime": 0.0,
                "wastedTime": 0.09631490707397461
            }
        ]
    }
]