[
    {
        "actionName": "Action",
        "steps": [
            {
                "stepId": "STEP1",
                "stepName": "Url: WebTours",
                "infFile": "t2.inf",
                "time": 1680363626652
            },
            {
                "stepId": "STEP2",
                "stepName": "Submit Data: login.pl",
                "infFile": "t3.inf",
                "time": 1680363626918
            },
            {
                "stepId": "STEP3",
                "stepName": "Url: Search Flights Button",
                "infFile": "t4.inf",
                "time": 1680363627098
            },
            {
                "stepId": "STEP4",
                "stepName": "Submit Data: reservations.pl",
                "infFile": "t5.inf",
                "time": 1680363627232
            },
            {
                "stepId": "STEP5",
                "stepName": "Submit Data: reservations.pl_2",
                "infFile": "t6.inf",
                "time": 1680363627352
            },
            {
                "stepId": "STEP6",
                "stepName": "Submit Data: reservations.pl_3",
                "infFile": "t7.inf",
                "time": 1680363627517
            },
            {
                "stepId": "STEP7",
                "stepName": "Url: Itinerary Button",
                "infFile": "t8.inf",
                "time": 1680363627705
            },
            {
                "stepId": "STEP8",
                "stepName": "Url: SignOff Button",
                "infFile": "t9.inf",
                "time": 1680363627854
            }
        ],
        "transactions": [
            {
                "transactionName": "open_home_page",
                "rawStartTime": 1680363626312,
                "rawEndTime": 1680363626664,
                "thinkTime": 0.0,
                "wastedTime": 0.07573676109313965
            },
            {
                "transactionName": "auth",
                "rawStartTime": 1680363626697,
                "rawEndTime": 1680363626922,
                "thinkTime": 0.0,
                "wastedTime": 0.0065402984619140629
            },
            {
                "transactionName": "search_flights",
                "rawStartTime": 1680363626953,
                "rawEndTime": 1680363627113,
                "thinkTime": 0.0,
                "wastedTime": 0.0059282779693603519
            },
            {
                "transactionName": "choose_flight_parameters",
                "rawStartTime": 1680363627129,
                "rawEndTime": 1680363627241,
                "thinkTime": 0.0,
                "wastedTime": 0.003462076187133789
            },
            {
                "transactionName": "choose_flight_time",
                "rawStartTime": 1680363627271,
                "rawEndTime": 1680363627359,
                "thinkTime": 0.0,
                "wastedTime": 0.0034432411193847658
            },
            {
                "transactionName": "payment_form",
                "rawStartTime": 1680363627390,
                "rawEndTime": 1680363627530,
                "thinkTime": 0.0,
                "wastedTime": 0.0033965110778808595
            },
            {
                "transactionName": "itinerary_page",
                "rawStartTime": 1680363627562,
                "rawEndTime": 1680363627719,
                "thinkTime": 0.0,
                "wastedTime": 0.005090951919555664
            },
            {
                "transactionName": "logg_out",
                "rawStartTime": 1680363627734,
                "rawEndTime": 1680363627862,
                "thinkTime": 0.0,
                "wastedTime": 0.003205537796020508
            },
            {
                "transactionName": "UC1_BuyTicket",
                "rawStartTime": 1680363626284,
                "rawEndTime": 1680363627878,
                "thinkTime": 0.0,
                "wastedTime": 0.10680365562438965
            }
        ]
    }
]