<?xml version="1.0" encoding="utf-8"?>
<VugenScriptMetadata>
  <ScriptName>UC1_BuyTicket</ScriptName>
  <Protocol>Web - HTTP/HTML</Protocol>
  <ActionFiles>
    <FileEntry Name="vuser_init.c" Filter="2" />
    <FileEntry Name="Action.c" Filter="2" />
    <FileEntry Name="vuser_end.c" Filter="2" />
  </ActionFiles>
  <GeneralFiles>
    <FileEntry Name="UC1_BuyTicket.usr" Filter="4" />
    <FileEntry Name="default.cfg" Filter="4" />
    <FileEntry Name="default.usp" Filter="4" />
    <FileEntry Name="UC1_BuyTicket.prm" Filter="2" />
    <FileEntry Name="globals.h" Filter="2" />
    <FileEntry Name="Cities.dat" Filter="2" />
    <FileEntry Name="Profiles.dat" Filter="2" />
    <FileEntry Name="Seats.dat" Filter="2" />
    <FileEntry Name="combined_UC1_BuyTicket.c" Filter="2" />
    <FileEntry Name="pre_cci.c" Filter="2" />
    <FileEntry Name="11341588440.idx" Filter="1" />
    <FileEntry Name="114040944440.idx" Filter="1" />
    <FileEntry Name="118290876440.idx" Filter="1" />
    <FileEntry Name="145887228440.idx" Filter="1" />
    <FileEntry Name="156288033440.idx" Filter="1" />
    <FileEntry Name="161236313440.idx" Filter="1" />
    <FileEntry Name="208515779440.idx" Filter="1" />
    <FileEntry Name="220625380440.idx" Filter="1" />
    <FileEntry Name="231485610440.idx" Filter="1" />
    <FileEntry Name="23359922440.idx" Filter="1" />
    <FileEntry Name="23365533440.idx" Filter="1" />
    <FileEntry Name="2336553344_0kO.695.idx" Filter="1" />
    <FileEntry Name="2336553344_0lZ.73.idx" Filter="1" />
    <FileEntry Name="2336553344_2Nr.341.idx" Filter="1" />
    <FileEntry Name="2336553344_3SV.499.idx" Filter="1" />
    <FileEntry Name="2336553344_3Ys.335.idx" Filter="1" />
    <FileEntry Name="2336553344_5g4.369.idx" Filter="1" />
    <FileEntry Name="2336553344_5ww.363.idx" Filter="1" />
    <FileEntry Name="2336553344_654.989.idx" Filter="1" />
    <FileEntry Name="2336553344_7pO.433.idx" Filter="1" />
    <FileEntry Name="2336553344_aKS.433.idx" Filter="1" />
    <FileEntry Name="2336553344_cJg.959.idx" Filter="1" />
    <FileEntry Name="2336553344_CYb.971.idx" Filter="1" />
    <FileEntry Name="2336553344_dFW.851.idx" Filter="1" />
    <FileEntry Name="2336553344_EFg.73.idx" Filter="1" />
    <FileEntry Name="2336553344_eUy.745.idx" Filter="1" />
    <FileEntry Name="2336553344_Hpt.825.idx" Filter="1" />
    <FileEntry Name="2336553344_j7T.407.idx" Filter="1" />
    <FileEntry Name="2336553344_JWG.367.idx" Filter="1" />
    <FileEntry Name="2336553344_K6d.599.idx" Filter="1" />
    <FileEntry Name="2336553344_kUP.909.idx" Filter="1" />
    <FileEntry Name="2336553344_lAL.83.idx" Filter="1" />
    <FileEntry Name="2336553344_LHg.523.idx" Filter="1" />
    <FileEntry Name="2336553344_LZe.105.idx" Filter="1" />
    <FileEntry Name="2336553344_nw9.117.idx" Filter="1" />
    <FileEntry Name="2336553344_OLk.947.idx" Filter="1" />
    <FileEntry Name="2336553344_Pr9.803.idx" Filter="1" />
    <FileEntry Name="2336553344_QUc.411.idx" Filter="1" />
    <FileEntry Name="2336553344_QWV.883.idx" Filter="1" />
    <FileEntry Name="2336553344_T3G.787.idx" Filter="1" />
    <FileEntry Name="2336553344_TeI.397.idx" Filter="1" />
    <FileEntry Name="2336553344_u1s.317.idx" Filter="1" />
    <FileEntry Name="2336553344_unu.623.idx" Filter="1" />
    <FileEntry Name="2336553344_Vur.773.idx" Filter="1" />
    <FileEntry Name="2336553344_WU9.311.idx" Filter="1" />
    <FileEntry Name="2336553344_XHC.875.idx" Filter="1" />
    <FileEntry Name="2336553344_XzK.555.idx" Filter="1" />
    <FileEntry Name="238379420440.idx" Filter="1" />
    <FileEntry Name="264811168440.idx" Filter="1" />
    <FileEntry Name="266548376440.idx" Filter="1" />
    <FileEntry Name="30985465440.idx" Filter="1" />
    <FileEntry Name="3098546544_226.51.idx" Filter="1" />
    <FileEntry Name="3098546544_2rx.289.idx" Filter="1" />
    <FileEntry Name="3098546544_33p.329.idx" Filter="1" />
    <FileEntry Name="3098546544_4Cz.559.idx" Filter="1" />
    <FileEntry Name="3098546544_4gQ.851.idx" Filter="1" />
    <FileEntry Name="3098546544_4hJ.567.idx" Filter="1" />
    <FileEntry Name="3098546544_596.693.idx" Filter="1" />
    <FileEntry Name="3098546544_62e.675.idx" Filter="1" />
    <FileEntry Name="3098546544_7GU.25.idx" Filter="1" />
    <FileEntry Name="3098546544_7tI.241.idx" Filter="1" />
    <FileEntry Name="3098546544_8hL.63.idx" Filter="1" />
    <FileEntry Name="3098546544_a91.871.idx" Filter="1" />
    <FileEntry Name="3098546544_aCV.759.idx" Filter="1" />
    <FileEntry Name="3098546544_bot.289.idx" Filter="1" />
    <FileEntry Name="3098546544_bQe.159.idx" Filter="1" />
    <FileEntry Name="3098546544_cQx.5.idx" Filter="1" />
    <FileEntry Name="3098546544_d2c.975.idx" Filter="1" />
    <FileEntry Name="3098546544_Dh2.553.idx" Filter="1" />
    <FileEntry Name="3098546544_dMh.963.idx" Filter="1" />
    <FileEntry Name="3098546544_DUM.57.idx" Filter="1" />
    <FileEntry Name="3098546544_Ee3.785.idx" Filter="1" />
    <FileEntry Name="3098546544_eIq.601.idx" Filter="1" />
    <FileEntry Name="3098546544_F7B.269.idx" Filter="1" />
    <FileEntry Name="3098546544_FeW.55.idx" Filter="1" />
    <FileEntry Name="3098546544_gOy.791.idx" Filter="1" />
    <FileEntry Name="3098546544_Gqf.103.idx" Filter="1" />
    <FileEntry Name="3098546544_HSp.49.idx" Filter="1" />
    <FileEntry Name="3098546544_i5j.955.idx" Filter="1" />
    <FileEntry Name="3098546544_I5L.953.idx" Filter="1" />
    <FileEntry Name="3098546544_J7j.515.idx" Filter="1" />
    <FileEntry Name="3098546544_jBb.983.idx" Filter="1" />
    <FileEntry Name="3098546544_jjO.925.idx" Filter="1" />
    <FileEntry Name="3098546544_JTG.211.idx" Filter="1" />
    <FileEntry Name="3098546544_kan.717.idx" Filter="1" />
    <FileEntry Name="3098546544_kCy.807.idx" Filter="1" />
    <FileEntry Name="3098546544_khl.91.idx" Filter="1" />
    <FileEntry Name="3098546544_Mde.919.idx" Filter="1" />
    <FileEntry Name="3098546544_ML9.561.idx" Filter="1" />
    <FileEntry Name="3098546544_MMj.773.idx" Filter="1" />
    <FileEntry Name="3098546544_msn.333.idx" Filter="1" />
    <FileEntry Name="3098546544_mtH.269.idx" Filter="1" />
    <FileEntry Name="3098546544_MyE.447.idx" Filter="1" />
    <FileEntry Name="3098546544_MZa.747.idx" Filter="1" />
    <FileEntry Name="3098546544_NIe.577.idx" Filter="1" />
    <FileEntry Name="3098546544_oZ8.443.idx" Filter="1" />
    <FileEntry Name="3098546544_P03.619.idx" Filter="1" />
    <FileEntry Name="3098546544_Pp6.743.idx" Filter="1" />
    <FileEntry Name="3098546544_q52.565.idx" Filter="1" />
    <FileEntry Name="3098546544_qEl.289.idx" Filter="1" />
    <FileEntry Name="3098546544_rDa.279.idx" Filter="1" />
    <FileEntry Name="3098546544_RQ9.31.idx" Filter="1" />
    <FileEntry Name="3098546544_RYy.837.idx" Filter="1" />
    <FileEntry Name="3098546544_sCA.695.idx" Filter="1" />
    <FileEntry Name="3098546544_sjP.535.idx" Filter="1" />
    <FileEntry Name="3098546544_smp.345.idx" Filter="1" />
    <FileEntry Name="3098546544_Tby.231.idx" Filter="1" />
    <FileEntry Name="3098546544_v2c.771.idx" Filter="1" />
    <FileEntry Name="3098546544_VNc.741.idx" Filter="1" />
    <FileEntry Name="3098546544_VOG.119.idx" Filter="1" />
    <FileEntry Name="3098546544_Wb2.799.idx" Filter="1" />
    <FileEntry Name="3098546544_x9M.191.idx" Filter="1" />
    <FileEntry Name="3098546544_Xvp.465.idx" Filter="1" />
    <FileEntry Name="3098546544_ypV.403.idx" Filter="1" />
    <FileEntry Name="3098546544_YTC.831.idx" Filter="1" />
    <FileEntry Name="3098546544_yUU.3.idx" Filter="1" />
    <FileEntry Name="3098546544_YYc.23.idx" Filter="1" />
    <FileEntry Name="31836217440.idx" Filter="1" />
    <FileEntry Name="75880525440.idx" Filter="1" />
    <FileEntry Name="address.dat" Filter="1" />
    <FileEntry Name="address1.dat" Filter="1" />
    <FileEntry Name="address2.dat" Filter="1" />
    <FileEntry Name="Bookmarks.xml" Filter="1" />
    <FileEntry Name="Breakpoints.xml" Filter="1" />
    <FileEntry Name="cardExpDate.dat" Filter="1" />
    <FileEntry Name="cardNum.dat" Filter="1" />
    <FileEntry Name="cityAddress.dat" Filter="1" />
    <FileEntry Name="class.dat" Filter="1" />
    <FileEntry Name="CompilerLogMetadata.xml" Filter="1" />
    <FileEntry Name="data.zip" Filter="1" />
    <FileEntry Name="departDate.dat" Filter="1" />
    <FileEntry Name="logfile.log" Filter="1" />
    <FileEntry Name="login.dat" Filter="1" />
    <FileEntry Name="mdrv.log" Filter="1" />
    <FileEntry Name="mdrv_cmd.txt" Filter="1" />
    <FileEntry Name="NewParam.dat" Filter="1" />
    <FileEntry Name="NewParam_1.dat" Filter="1" />
    <FileEntry Name="options.txt" Filter="1" />
    <FileEntry Name="output.bak" Filter="1" />
    <FileEntry Name="output.txt" Filter="1" />
    <FileEntry Name="OutputColoringDatabase.json" Filter="1" />
    <FileEntry Name="ReplaySummaryReport.xml" Filter="1" />
    <FileEntry Name="returnDate.dat" Filter="1" />
    <FileEntry Name="ScriptUploadMetadata.xml" Filter="1" />
    <FileEntry Name="ThumbnailsCache.tmp" Filter="1" />
    <FileEntry Name="TransactionsData.db" Filter="1" />
    <FileEntry Name="UC1_BuyTicket.c.pickle" Filter="1" />
    <FileEntry Name="UC1_BuyTicket.ci" Filter="1" />
    <FileEntry Name="UC1_BuyTicket.prm.bak" Filter="1" />
    <FileEntry Name="UserTasks.xml" Filter="1" />
    <FileEntry Name="data\" Filter="1" />
    <FileEntry Name="result1\" Filter="1" />
  </GeneralFiles>
</VugenScriptMetadata>