<?xml version="1.0" encoding="utf-8"?>
<VugenScriptMetadata>
  <ScriptName>UC2_FindTicket</ScriptName>
  <Protocol>Web - HTTP/HTML</Protocol>
  <ActionFiles>
    <FileEntry Name="vuser_init.c" Filter="2" />
    <FileEntry Name="Action.c" Filter="2" />
    <FileEntry Name="vuser_end.c" Filter="2" />
  </ActionFiles>
  <GeneralFiles>
    <FileEntry Name="UC2_FindTicket.usr" Filter="4" />
    <FileEntry Name="default.cfg" Filter="4" />
    <FileEntry Name="default.usp" Filter="4" />
    <FileEntry Name="UC2_FindTicket.prm" Filter="2" />
    <FileEntry Name="globals.h" Filter="2" />
    <FileEntry Name="D:\" Filter="2" />
    <FileEntry Name="combined_UC2_FindTicket.c" Filter="2" />
    <FileEntry Name="pre_cci.c" Filter="2" />
    <FileEntry Name="147950132440.idx" Filter="1" />
    <FileEntry Name="14795013244_0ou.785.idx" Filter="1" />
    <FileEntry Name="14795013244_1i8.167.idx" Filter="1" />
    <FileEntry Name="14795013244_1WM.689.idx" Filter="1" />
    <FileEntry Name="14795013244_4Gv.725.idx" Filter="1" />
    <FileEntry Name="14795013244_59y.801.idx" Filter="1" />
    <FileEntry Name="14795013244_5RO.563.idx" Filter="1" />
    <FileEntry Name="14795013244_AqY.77.idx" Filter="1" />
    <FileEntry Name="14795013244_aUA.825.idx" Filter="1" />
    <FileEntry Name="14795013244_dmf.899.idx" Filter="1" />
    <FileEntry Name="14795013244_DWs.727.idx" Filter="1" />
    <FileEntry Name="14795013244_gdg.705.idx" Filter="1" />
    <FileEntry Name="14795013244_Gl9.9.idx" Filter="1" />
    <FileEntry Name="14795013244_h40.491.idx" Filter="1" />
    <FileEntry Name="14795013244_HMr.247.idx" Filter="1" />
    <FileEntry Name="14795013244_jQ2.269.idx" Filter="1" />
    <FileEntry Name="14795013244_Kov.857.idx" Filter="1" />
    <FileEntry Name="14795013244_nnS.947.idx" Filter="1" />
    <FileEntry Name="14795013244_OPc.323.idx" Filter="1" />
    <FileEntry Name="14795013244_q1U.81.idx" Filter="1" />
    <FileEntry Name="14795013244_qSC.855.idx" Filter="1" />
    <FileEntry Name="14795013244_RFj.445.idx" Filter="1" />
    <FileEntry Name="14795013244_rqI.343.idx" Filter="1" />
    <FileEntry Name="14795013244_RU6.559.idx" Filter="1" />
    <FileEntry Name="14795013244_RUy.637.idx" Filter="1" />
    <FileEntry Name="14795013244_RVw.361.idx" Filter="1" />
    <FileEntry Name="14795013244_sHY.791.idx" Filter="1" />
    <FileEntry Name="14795013244_sOm.981.idx" Filter="1" />
    <FileEntry Name="14795013244_tKe.501.idx" Filter="1" />
    <FileEntry Name="14795013244_uM2.495.idx" Filter="1" />
    <FileEntry Name="14795013244_vwK.867.idx" Filter="1" />
    <FileEntry Name="14795013244_x7a.237.idx" Filter="1" />
    <FileEntry Name="14795013244_XR2.911.idx" Filter="1" />
    <FileEntry Name="14795013244_y99.357.idx" Filter="1" />
    <FileEntry Name="14795013244_YXj.927.idx" Filter="1" />
    <FileEntry Name="14795013244_YxV.323.idx" Filter="1" />
    <FileEntry Name="14795013244_ZoU.665.idx" Filter="1" />
    <FileEntry Name="164682800440.idx" Filter="1" />
    <FileEntry Name="97950520440.idx" Filter="1" />
    <FileEntry Name="arriveCity.dat" Filter="1" />
    <FileEntry Name="Bookmarks.xml" Filter="1" />
    <FileEntry Name="Breakpoints.xml" Filter="1" />
    <FileEntry Name="CompilerLogMetadata.xml" Filter="1" />
    <FileEntry Name="custom_body_variables.txt" Filter="1" />
    <FileEntry Name="departCity.dat" Filter="1" />
    <FileEntry Name="logfile.log" Filter="1" />
    <FileEntry Name="login.dat" Filter="1" />
    <FileEntry Name="lrw_custom_body.h" Filter="1" />
    <FileEntry Name="mdrv.log" Filter="1" />
    <FileEntry Name="mdrv_cmd.txt" Filter="1" />
    <FileEntry Name="options.txt" Filter="1" />
    <FileEntry Name="output.bak" Filter="1" />
    <FileEntry Name="output.txt" Filter="1" />
    <FileEntry Name="OutputColoringDatabase.json" Filter="1" />
    <FileEntry Name="password.dat" Filter="1" />
    <FileEntry Name="ReplaySummaryReport.xml" Filter="1" />
    <FileEntry Name="ScriptUploadMetadata.xml" Filter="1" />
    <FileEntry Name="seatPref.dat" Filter="1" />
    <FileEntry Name="seatType.dat" Filter="1" />
    <FileEntry Name="ThumbnailsCache.tmp" Filter="1" />
    <FileEntry Name="TransactionsData.db" Filter="1" />
    <FileEntry Name="UC2_FindTicket.c.pickle" Filter="1" />
    <FileEntry Name="UC2_FindTicket.ci" Filter="1" />
    <FileEntry Name="UC2_FindTicket.prm.bak" Filter="1" />
    <FileEntry Name="UserTasks.xml" Filter="1" />
    <FileEntry Name="data\" Filter="1" />
    <FileEntry Name="result1\" Filter="1" />
  </GeneralFiles>
</VugenScriptMetadata>